it,x1,x2,f
0,14,6,656
1,8.06102941176,8.4625,1512.08088235
2,7.0,7.0,1568.0
