it,x1,x2,f
0,0,0,0
1,5.24239130435,7.66195652174,1496.09782609
2,7.0,7.0,1568.0
