it,x1,x2,f
0,9,10,1341
1,7.88642792657,6.91236834186,1553.84411676
2,7.0,7.0,1568.0
