it,x1,x2,f
0,3,5,1268
1,6.9999985717,6.99999928585,1568.0
2,6.99999963131,6.99999981566,1568.0
3,6.99999999867,6.99999981566,1568.0
