it,x1,x2,f
0,9,10,1341
1,7.8864287599,6.91237065244,1553.84411676
2,7.0000015909,7.0000025774,1568.0
3,7.00000053083,6.99999963814,1568.0
4,6.99999977542,6.99999954919,1568.0
5,6.99999977542,6.99999985019,1568.0
6,7.00000003749,6.99999998123,1568.0
