it,x1,x2,f
0,9,10,1341
1,7.88642792657,6.91236834186,1553.84411676
2,7.12472143822,7.18708215733,1567.11722894
3,7.05527828294,6.99453522678,1567.94494976
4,7.00777771858,7.01166657786,1567.99656703
5,7.00344719348,6.99965921281,1567.99978592
6,7.00048502412,7.00072753619,1567.99998665
7,7.00021496946,6.99997874827,1567.99999917
