it,x1,x2,f
0,0,0,0
1,5.35294117647,0.0,487.117647059
2,5.35294117647,6.71355498721,1523.76952008
3,6.93260117346,6.71355498721,1566.19005709
4,6.93260117346,6.98827846495,1567.92593584
5,6.99724199175,6.98827846495,1567.99696924
6,6.99724199175,6.99952034639,1567.99987598
7,6.99988714033,6.99952034639,1567.99999492
8,6.99988714033,6.99998037223,1567.99999979
