it,x1,x2,f
0,14,6,656
1,6.76470588235,6.0,1545.94117647
2,6.76470588235,6.95907928389,1567.09733714
3,6.99037159621,6.95907928389,1567.96306239
4,6.99037159621,6.99832549499,1567.99848849
5,6.99960599882,6.99832549499,1567.99993815
6,6.99960599882,6.99993147806,1567.99999747
7,6.99998387719,6.99993147806,1567.9999999
