it,x1,x2,f
0,9,10,1341
1,7.70588235294,10.0,1369.47058824
2,7.70588235294,7.12276214834,1559.8760343
3,7.02888521137,7.12276214834,1567.66756151
4,7.02888521137,7.00502351502,1567.98639638
5,7.00118200353,7.00502351502,1567.99944333
6,7.00118200353,7.00020556583,1567.99997722
7,7.00004836843,7.00020556583,1567.99999907
